id,forward_sortation_area,name_of_dog,breed,color,ward_number,ward_name,bite_circumstance,location_of_incident,date_of_dangerous_act,year_month
1,M6R,CHLOE,BEAGLE MIX,TAN / WHITE,4,Parkdale-High Park,VERY SEVERE,PUBLIC PROPERTY,2017-03-09,2017-03-01
2,M3M,OSO,AKITA,WHITE / BLACK,6,York Centre,SEVERE,PARK - LEASH REQUIRED AREA,2017-03-11,2017-03-01
3,M4N,HOBBES,CANE CORSO / LABRADOR RETR,BR BRINDLE,15,Don Valley West,SEVERE,OWNERS PROPERTY,2017-03-18,2017-03-01
4,M9W,HUNTER,GOLDEN RETR,GOLD,1,Etobicoke North,SEVERE,OTHER PRIVATE PROPERTY,2017-03-23,2017-03-01
5,M1E,LILA,GERM SHEPHERD / AUST SHEPHERD,BLACK / TAN,25,Scarborough-Rouge Park,NON SEVERE,PARK - LEASH FREE AREA,2017-03-29,2017-03-01
6,M6L,RUGER,GERM SHEPHERD,BLACK / RED,5,York South-Weston,SEVERE,OTHER PRIVATE PROPERTY,2017-04-13,2017-04-01
7,M3H,BRODY,ALASKAN HUSKY MIX,GREY / WHITE,6,York Centre,NON SEVERE,PARK - LEASH FREE AREA,2017-04-16,2017-04-01
8,M6R,TANGO,AUST SHEPHERD,RED MERLE,4,Parkdale-High Park,NON SEVERE,PUBLIC PROPERTY,2017-04-19,2017-04-01
9,M1B,LEO,ROTTWEILER / BORDER COLLIE,BLACK / BROWN,23,Scarborough North,NON SEVERE,PARK - LEASH REQUIRED AREA,2017-04-26,2017-04-01
10,M6G,BUSTER,POODLE STND / COCKER SPAN,BLACK / WHITE,12,Toronto-St. Paul's,SEVERE,OWNERS PROPERTY,2017-06-01,2017-06-01
11,M1H,ENTEI,ROTTWEILER / GERM SHEPHERD,TRICOLOUR / TAN,24,Scarborough-Guildwood,SEVERE,OWNERS PROPERTY,2017-06-03,2017-06-01
12,M2R,SEVEN,JINDO,WHITE,18,Willowdale,NON SEVERE,OTHER PRIVATE PROPERTY,2017-06-21,2017-06-01
13,M6K,BRANDY,AM PIT BULL TER,WHITE / TAN,4,Parkdale-High Park,SEVERE,OTHER PRIVATE PROPERTY,2017-06-24,2017-06-01
14,M1W,TIGER,BOXER / AMER BULLDOG,BROWN / WHITE,22,Scarborough-Agincourt,SEVERE,PARK - LEASH REQUIRED AREA,2017-06-25,2017-06-01
15,M1B,LEO,GERM SHEPHERD,BLACK / TAN,25,Scarborough-Rouge Park,SEVERE,PUBLIC PROPERTY,2017-06-28,2017-06-01
16,M4K,NEMO,SIBERIAN HUSKY,WHITE / GREY,14,Toronto-Danforth,SEVERE,PUBLIC PROPERTY,2017-08-02,2017-08-01
17,M1L,TUCKER,DOBERMAN PINSCH / AUST SHEPHERD,BROWN / WHITE,20,Scarborough Southwest,NON SEVERE,OTHER PRIVATE PROPERTY,2017-08-14,2017-08-01
18,M9L,DIESEL,CANE CORSO,BL BRINDLE,7,Humber River-Black Creek,NON SEVERE,OWNERS PROPERTY,2017-08-30,2017-08-01
19,M4E,SOSA,STAFFORDSHIRE MIX,TAN,19,Beaches-East York,VERY SEVERE,PUBLIC PROPERTY,2017-09-08,2017-09-01
20,M9A,ROCKY,GERM SHEPHERD MIX,BLACK / TAN,2,Etobicoke Centre,NON SEVERE,OWNERS PROPERTY,2017-09-29,2017-09-01
21,M4J,MAX,GERM SHEPHERD,SABLE,14,Toronto-Danforth,NON SEVERE,PARK - LEASH FREE AREA,2017-10-02,2017-10-01
22,M4L,LUCY,BOXER MIX,BLACK / TAN,19,Beaches-East York,SEVERE,PARK - LEASH REQUIRED AREA,2017-10-24,2017-10-01
23,M6N,MYA,ROTTWEILER,BLACK / TAN,5,York South-Weston,SEVERE,PUBLIC PROPERTY,2017-10-24,2017-10-01
24,M2N,ROSIE,ROTTWEILER,BLACK / TAN,18,Willowdale,SEVERE,OWNERS PROPERTY,2017-11-04,2017-11-01
26,M6N,CHINA,LABRADOR RETR / CHINESE SHARPEI,TAN / WHITE,9,Davenport,SEVERE,PARK - LEASH FREE AREA,2018-02-11,2018-02-01
27,M4S,RONIN,ROTTWEILER,BLACK / TAN,12,Toronto-St. Paul's,NON SEVERE,OTHER PRIVATE PROPERTY,2018-02-25,2018-02-01
28,M6M,DUCHESS,ROTTWEILER / STAFFORDSHIRE,BROWN / BLACK,5,York South-Weston,SEVERE,OTHER PRIVATE PROPERTY,2018-03-24,2018-03-01
29,M1P,MOOKI,AKBASH / GERM SHEPHERD,TAN,21,Scarborough Centre,SEVERE,OTHER PRIVATE PROPERTY,2018-04-08,2018-04-01
30,M1N,MAVIS,LABRADOR RETR / BORDER COLLIE,TRICOLOUR,20,Scarborough Southwest,SEVERE,PARK - LEASH FREE AREA,2018-04-18,2018-04-01
31,M1L,TITAN,LABRADOR RETR / AMER BULLDOG,CHOCOLATE / WHITE,20,Scarborough Southwest,SEVERE,PARK - LEASH REQUIRED AREA,2018-04-21,2018-04-01
32,M8Y,GEORGE,GOLDEN RETR / POODLE STND,CREAM / WHITE,3,Etobicoke-Lakeshore,SEVERE,PUBLIC PROPERTY,2018-05-23,2018-05-01
33,M6M,ROCKY,BICHON FRISE / POODLE MIN,WHITE,5,York South-Weston,NON SEVERE,OWNERS PROPERTY,2018-05-24,2018-05-01
34,M1E,ROMULUS,RHOD RIDGEBACK / GERM SHEPHERD,TAN,24,Scarborough-Guildwood,VERY SEVERE,OTHER PRIVATE PROPERTY,2018-06-02,2018-06-01
35,M6A,BEAU,LABRADOR RETR,BLACK,8,Eglinton-Lawrence,VERY SEVERE,OTHER PRIVATE PROPERTY,2018-07-09,2018-07-01
36,M6E,THEODORE,PUG / BOSTON TERRIER,BLACK / WHITE,9,Davenport,NON SEVERE,OWNERS PROPERTY,2018-07-23,2018-07-01
37,M1W,SADIE,BOXER / GERM SHEPHERD,TAN,22,Scarborough-Agincourt,SEVERE,PUBLIC PROPERTY,2018-08-03,2018-08-01
38,M1W,TORY,SHIH TZU,WHITE / GREY,22,Scarborough-Agincourt,NON SEVERE,OTHER PRIVATE PROPERTY,2018-08-14,2018-08-01
39,M6A,PRINCE,LABRADOR RETR,BLACK,8,Eglinton-Lawrence,NON SEVERE,OWNERS PROPERTY,2018-08-15,2018-08-01
40,M4B,TITAN,GERM SHEPHERD,BLACK / TAN,19,Beaches-East York,SEVERE,OTHER PRIVATE PROPERTY,2018-08-31,2018-08-01
41,M2J,JAXSON,SIBERIAN HUSKY / GERM SHEPHERD,TAN / BLACK,17,Don Valley North,NOT A BITE,OTHER PRIVATE PROPERTY,2018-09-17,2018-09-01
42,M4K,AIDEN,SC WHEAT TERR,WHITE,14,Toronto-Danforth,NON SEVERE,PUBLIC PROPERTY,2018-09-23,2018-09-01
43,M8Y,DUTCH,MASTIFF / CANE CORSO,GREY / WHITE,3,Etobicoke-Lakeshore,SEVERE,PUBLIC PROPERTY,2018-10-29,2018-10-01
44,M6M,TROUBLE,LABRADOR RETR,BLACK,5,York South-Weston,SEVERE,PUBLIC PROPERTY,2018-11-02,2018-11-01
45,M9N,PONGO,MIN PINSCHER MIX,BLACK / TAN,5,York South-Weston,SEVERE,PUBLIC PROPERTY,2018-11-04,2018-11-01
46,M4Y,ILA,BOXER / BULL TERRIER,FAWN,13,Toronto Centre,SEVERE,OTHER PRIVATE PROPERTY,2018-11-25,2018-11-01
47,M9W,HUNTER,GERM SHEPHERD,BROWN / BLACK,1,Etobicoke North,SEVERE,PUBLIC PROPERTY,2019-01-18,2019-01-01
48,M4H,BABE,LABRADOR RETR MIX,BLACK,15,Don Valley West,NOT A BITE,PUBLIC PROPERTY,2019-01-18,2019-01-01
49,M4K,BRUNO,ROTTWEILER / GERM SHEPHERD,BLACK / TAN,14,Toronto-Danforth,SEVERE,OWNERS PROPERTY,2019-01-29,2019-01-01
50,M4J,ELIE,GERM SHEPHERD,BROWN / BLACK,14,Toronto-Danforth,SEVERE,OWNERS PROPERTY,2019-02-10,2019-02-01
51,M5N,TUX,TERRIER MIX,BLACK / WHITE,8,Eglinton-Lawrence,NON SEVERE,PUBLIC PROPERTY,2019-03-15,2019-03-01
52,M2N,RILEY,DOBERMAN PINSCH,BLACK / TAN,18,Willowdale,SEVERE,PUBLIC PROPERTY,2019-03-24,2019-03-01
53,M3A,BELLA,AMER BULLDOG MIX,BROWN,16,Don Valley East,VERY SEVERE,OTHER PRIVATE PROPERTY,2019-03-31,2019-03-01
54,M8Y,TONY,AMER BULLDOG,WHITE / BLACK,3,Etobicoke-Lakeshore,SEVERE,PUBLIC PROPERTY,2019-04-01,2019-04-01
55,M8V,BARKLEY,BORDER COLLIE / GOLDEN RETR,BLACK / WHITE,3,Etobicoke-Lakeshore,SEVERE,PUBLIC PROPERTY,2019-04-22,2019-04-01
56,M9P,MILO,YORKSHIRE TERR / POODLE MIN,GOLD,1,Etobicoke North,NON SEVERE,OTHER PRIVATE PROPERTY,2019-04-24,2019-04-01
57,M6H,MR. BROWN,BOXER / LABRADOR RETR,BROWN / WHITE,9,Davenport,NON SEVERE,PUBLIC PROPERTY,2019-05-08,2019-05-01
58,M4M,BELLA,AUST CATTLE DOG / LABRADOR RETR,GREY / BLACK,14,Toronto-Danforth,SEVERE,OTHER PRIVATE PROPERTY,2019-05-14,2019-05-01
59,M2H,RONIN,GERM SHEPHERD,BLACK / RED,17,Don Valley North,NON SEVERE,PUBLIC PROPERTY,2019-05-18,2019-05-01
60,M1K,SCOOBY,MASTIFF MIX,BROWN / WHITE,20,Scarborough Southwest,SEVERE,OTHER PRIVATE PROPERTY,2019-06-07,2019-06-01
61,M4Y,BO,GERM SHEPHERD,BEIGE / BLACK,13,Toronto Centre,SEVERE,PUBLIC PROPERTY,2019-06-11,2019-06-01
62,M1H,ODIE,PARSON RUSS TER,WHITE / BROWN,24,Scarborough-Guildwood,NON SEVERE,OWNERS PROPERTY,2019-06-15,2019-06-01
63,M3L,REX,GERM SHEPHERD MIX,BLACK / TAN,6,York Centre,SEVERE,PUBLIC PROPERTY,2019-06-18,2019-06-01
64,M1B,CHARLI THASA,GERM SHEPHERD / LABRADOR RETR,BROWN / BLACK,25,Scarborough-Rouge Park,SEVERE,OTHER PRIVATE PROPERTY,2019-06-22,2019-06-01
65,M6K,TUCKER,ENG COONHOUND,RED,4,Parkdale-High Park,SEVERE,OWNERS PROPERTY,2019-06-27,2019-06-01
66,M5B,CLYDE,AMER BULLDOG / MASTIFF,BR BRINDLE / WHITE,13,Toronto Centre,NON SEVERE,OTHER PRIVATE PROPERTY,2019-07-01,2019-07-01
67,M4A,CHARLIE,GERM SHEPHERD,BLACK / TAN,19,Beaches-East York,NON SEVERE,PUBLIC PROPERTY,2019-07-17,2019-07-01
68,M1M,CHESTER,BULLMASTIFF,BROWN,20,Scarborough Southwest,SEVERE,OWNERS PROPERTY,2019-07-18,2019-07-01
69,M3H,KANE,MASTIFF,FAWN / BLUE,6,York Centre,NON SEVERE,PUBLIC PROPERTY,2019-07-30,2019-07-01
70,M1E,ZION,MASTIFF,BROWN,25,Scarborough-Rouge Park,VERY SEVERE,OTHER PRIVATE PROPERTY,2019-08-03,2019-08-01
71,M1E,SHATTER,SIBERIAN HUSKY,BLACK / WHITE,25,Scarborough-Rouge Park,VERY SEVERE,OTHER PRIVATE PROPERTY,2019-08-03,2019-08-01
72,M3B,JOSIE,COCKER SPAN,BLACK,15,Don Valley West,VERY SEVERE,PUBLIC PROPERTY,2019-09-23,2019-09-01
73,M1S,ZHAZHA,GERM SHEPHERD,BLACK / YELLOW,23,Scarborough North,NOT A BITE,OWNERS PROPERTY,2019-10-10,2019-10-01
74,M4N,SELA,WEIMARANER,GREY,15,Don Valley West,NON SEVERE,PARK - LEASH REQUIRED AREA,2019-10-21,2019-10-01
75,M3C,MYSTIC,AMER BULLDOG / BULLMASTIFF,CHOCOLATE,16,Don Valley East,SEVERE,OTHER PRIVATE PROPERTY,2019-10-22,2019-10-01
76,M1J,DIESEL,ROTTWEILER / BOXER,BROWN / WHITE,20,Scarborough Southwest,VERY SEVERE,OWNERS PROPERTY,2019-11-22,2019-11-01
77,M2R,BAMBI,AMER BULLDOG,WHITE / BR BRINDLE,18,Willowdale,SEVERE,PUBLIC PROPERTY,2019-11-27,2019-11-01
78,M4L,GUARDIAN,ROTTWEILER,BLACK,14,Toronto-Danforth,SEVERE,PUBLIC PROPERTY,2019-12-23,2019-12-01
79,M1K,AURORA,BORDER COLLIE MIX,WHITE / BLACK,21,Scarborough Centre,NON SEVERE,OTHER PRIVATE PROPERTY,2020-02-06,2020-02-01
80,M2M,BEAR,GERM SHEPHERD MIX,BLACK / TAN,18,Willowdale,SEVERE,PUBLIC PROPERTY,2020-02-21,2020-02-01
81,M1E,DESIL,CANE CORSO / ROTTWEILER,BR BRINDLE,24,Scarborough-Guildwood,SEVERE,OTHER PRIVATE PROPERTY,2020-03-04,2020-03-01
82,M2N,FLASH,RHOD RIDGEBACK / BOXER,BR BRINDLE,18,Willowdale,NON SEVERE,OTHER PRIVATE PROPERTY,2020-03-12,2020-03-01
83,M1M,JAX,AMER BULLDOG,WHITE / BROWN,20,Scarborough Southwest,NON SEVERE,PUBLIC PROPERTY,2020-04-05,2020-04-01
84,M1W,KING,DOGO ARGENTINO,WHITE,22,Scarborough-Agincourt,SEVERE,PUBLIC PROPERTY,2020-05-03,2020-05-01
85,M8V,XENA,LABRADOR RETR / GERM SHEPHERD,BEIGE,3,Etobicoke-Lakeshore,SEVERE,PARK - LEASH REQUIRED AREA,2020-06-09,2020-06-01
86,M4L,HARLEY,BEAGLE,TAN / WHITE,19,Beaches-East York,NON SEVERE,PUBLIC PROPERTY,2020-06-11,2020-06-01
87,M1P,NEVAH,BOXER,TAN,21,Scarborough Centre,SEVERE,PUBLIC PROPERTY,2020-06-11,2020-06-01
88,M5P,CECIL,FRENCH BULLDOG,BLACK,12,Toronto-St. Paul's,SEVERE,PARK - LEASH REQUIRED AREA,2020-06-14,2020-06-01
89,M9R,CHARLIE,AMER BULLDOG / ROTTWEILER,BROWN,1,Etobicoke North,SEVERE,PARK - LEASH REQUIRED AREA,2020-06-18,2020-06-01
90,M1T,HENNY,LABRADOR RETR / AMER BULLDOG,BROWN / TAN,22,Scarborough-Agincourt,NON SEVERE,OTHER PRIVATE PROPERTY,2020-06-20,2020-06-01
91,M1W,LEXY,BELG MALINOIS,BROWN / BLACK,22,Scarborough-Agincourt,SEVERE,PARK - LEASH REQUIRED AREA,2020-07-20,2020-07-01
92,M4C,DEXTOR,BELG MALINOIS,BROWN,19,Beaches-East York,NON SEVERE,OWNERS PROPERTY,2020-07-23,2020-07-01
93,M4V,PICASSO,COTON DE TULEAR,WHITE,12,Toronto-St. Paul's,NON SEVERE,OTHER PRIVATE PROPERTY,2020-07-28,2020-07-01
94,M6M,CRONUS,MASTIFF / CANE CORSO,SABLE / BROWN,5,York South-Weston,SEVERE,OWNERS PROPERTY,2020-08-01,2020-08-01
95,M6K,ZIGGY,HOUND,BLACK / BROWN,4,Parkdale-High Park,SEVERE,OTHER PRIVATE PROPERTY,2020-08-14,2020-08-01
96,M2J,ROCCO,ALASKAN HUSKY,RED / WHITE,17,Don Valley North,SEVERE,PUBLIC PROPERTY,2020-08-31,2020-08-01
97,M2J,LUNA,SIBERIAN HUSKY,WHITE / BLACK,17,Don Valley North,SEVERE,PUBLIC PROPERTY,2020-08-31,2020-08-01
98,M4K,RABBIT,LABRADOR RETR / AMER BULLDOG,WHITE / TAN,14,Toronto-Danforth,SEVERE,PUBLIC PROPERTY,2020-09-03,2020-09-01
99,M1K,MEEKA,AKITA,TAN / WHITE,21,Scarborough Centre,SEVERE,PUBLIC PROPERTY,2020-09-08,2020-09-01
100,M4C,COCO,AMER BULLDOG,WHITE / BROWN,19,Beaches-East York,SEVERE,PARK - LEASH REQUIRED AREA,2020-09-13,2020-09-01
101,M4J,ROCKY,BELG MALINOIS,BROWN,14,Toronto-Danforth,NON SEVERE,PUBLIC PROPERTY,2020-09-21,2020-09-01
102,M4V,NETWORK,GERM SHEPHERD,BLACK / TAN,12,Toronto-St. Paul's,NON SEVERE,OWNERS PROPERTY,2020-09-23,2020-09-01
103,M5A,BODHI,AMER BULLDOG MIX,BROWN / WHITE,13,Toronto Centre,SEVERE,PARK - LEASH FREE AREA,2020-10-20,2020-10-01
104,M5A,INDY,ALASKAN HUSKY / GERM SHEPHERD,BLACK / WHITE,13,Toronto Centre,SEVERE,PUBLIC PROPERTY,2020-11-09,2020-11-01
105,M4E,SERA,GERM SHEPHERD / AMER BULLDOG,BR BRINDLE / WHITE,19,Beaches-East York,SEVERE,PUBLIC PROPERTY,2020-11-10,2020-11-01
106,M1K,ZEUS,MASTIFF / DOGO ARGENTINO,BL BRINDLE / WHITE,20,Scarborough Southwest,SEVERE,OTHER PRIVATE PROPERTY,2020-11-15,2020-11-01
107,M2J,MAJOR,AMER BULLDOG / ROTTWEILER,TAN,17,Don Valley North,NON SEVERE,PUBLIC PROPERTY,2020-12-19,2020-12-01
108,M1V,LION,GERM SHEPHERD,BLACK / TAN,22,Scarborough-Agincourt,NON SEVERE,PUBLIC PROPERTY,2021-01-24,2021-01-01
109,M9R,SASHA,AKITA,WHITE / TAN,1,Etobicoke North,SEVERE,PARK - LEASH REQUIRED AREA,2021-01-26,2021-01-01
110,M8Z,SEVEN,CANE CORSO / AMER BULLDOG,FAWN,3,Etobicoke-Lakeshore,SEVERE,PUBLIC PROPERTY,2021-02-11,2021-02-01
111,M3H,DASH,GERM SHEPHERD MIX,BLACK / BROWN,6,York Centre,NON SEVERE,PUBLIC PROPERTY,2021-02-21,2021-02-01
112,M9A,ZEUS,AMER BULLDOG MIX,BLACK / WHITE,2,Etobicoke Centre,NON SEVERE,OTHER PRIVATE PROPERTY,2021-03-05,2021-03-01
113,M9B,KAI,MASTIFF,RED,2,Etobicoke Centre,NON SEVERE,OTHER PRIVATE PROPERTY,2021-03-18,2021-03-01
114,M4J,XENA,AMER BULLDOG,BLACK,14,Toronto-Danforth,SEVERE,OTHER PRIVATE PROPERTY,2021-04-08,2021-04-01
115,M4J,LULU,AMER BULLDOG,BROWN / WHITE,14,Toronto-Danforth,SEVERE,PUBLIC PROPERTY,2021-05-04,2021-05-01
116,M6N,ZATAR,DOGO ARGENTINO,WHITE,5,York South-Weston,NON SEVERE,OTHER PRIVATE PROPERTY,2021-05-09,2021-05-01
117,M6N,HABIBA,DOGO ARGENTINO,WHITE,5,York South-Weston,NON SEVERE,OTHER PRIVATE PROPERTY,2021-05-09,2021-05-01
118,M3A,PEPPER,BOXER,BR BRINDLE / WHITE,16,Don Valley East,NOT A BITE,PUBLIC PROPERTY,2021-05-11,2021-05-01
119,M6A,GREYDEE,COCKER SPAN,BLUE TICK,8,Eglinton-Lawrence,NOT A BITE,OTHER PRIVATE PROPERTY,2021-05-17,2021-05-01
120,M3C,KUSH,BULLDOG MIX,BLACK / WHITE,16,Don Valley East,NON SEVERE,OWNERS PROPERTY,2021-06-02,2021-06-01
121,M9R,JACK,BULLDOG,BLACK / WHITE,2,Etobicoke Centre,NON SEVERE,OTHER PRIVATE PROPERTY,2021-06-05,2021-06-01
122,M1M,REX,GERM SHEPHERD,BLACK / TAN,20,Scarborough Southwest,SEVERE,OTHER PRIVATE PROPERTY,2021-06-09,2021-06-01
123,M1R,LOVE,GREAT DANE,BROWN / WHITE,21,Scarborough Centre,NON SEVERE,OTHER PRIVATE PROPERTY,2021-06-19,2021-06-01
124,M5R,BRADY,CANE CORSO,ORANGE / BL BRINDLE,11,University-Rosedale,SEVERE,OTHER PRIVATE PROPERTY,2021-06-21,2021-06-01
125,M3B,SHADOW,GERM SHEPHERD,BLACK / YELLOW,16,Don Valley East,NON SEVERE,PUBLIC PROPERTY,2021-06-27,2021-06-01
126,M3H,JACKSON,LABRADOR RETR MIX,BLACK / WHITE,6,York Centre,SEVERE,OWNERS PROPERTY,2021-07-11,2021-07-01
127,M1L,ROMEO,BULL TERRIER,BLACK / WHITE,20,Scarborough Southwest,SEVERE,PUBLIC PROPERTY,2021-08-04,2021-08-01
128,M1J,NAHLA,BOXER / CANE CORSO,BROWN / WHITE,21,Scarborough Centre,SEVERE,PARK - LEASH REQUIRED AREA,2021-08-22,2021-08-01
129,M1V,TEDDY,CHOW CHOW,RED,23,Scarborough North,SEVERE,PUBLIC PROPERTY,2021-08-31,2021-08-01
130,M1V,BLUE,CHOW CHOW,RED,23,Scarborough North,SEVERE,PUBLIC PROPERTY,2021-08-31,2021-08-01
131,M1L,KODA,BELG MALINOIS,BROWN / BLACK,20,Scarborough Southwest,SEVERE,OTHER PRIVATE PROPERTY,2021-09-09,2021-09-01
132,M4J,KLONDIKE,GREYHOUND,BUFF,14,Toronto-Danforth,SEVERE,OWNERS PROPERTY,2021-09-18,2021-09-01
133,M3K,KHAN,BOXER / MASTIFF,BR BRINDLE,6,York Centre,NON SEVERE,PARK - LEASH REQUIRED AREA,2021-09-20,2021-09-01
134,M6H,MYLES,AMERICAN STAFF / AMER BULLDOG,YELLOW,9,Davenport,SEVERE,OTHER PRIVATE PROPERTY,2021-09-24,2021-09-01
135,M9C,MAGNUS,ROTTWEILER / GERM SHEPHERD,BLACK / TAN,2,Etobicoke Centre,NOT A BITE,OTHER PRIVATE PROPERTY,2021-10-06,2021-10-01
136,M1B,PRINCE,BOXER,BROWN,23,Scarborough North,SEVERE,PUBLIC PROPERTY,2021-10-07,2021-10-01
137,M1N,ZEUS,BULLMASTIFF MIX,BR BRINDLE,20,Scarborough Southwest,NON SEVERE,PUBLIC PROPERTY,2021-10-07,2021-10-01
138,M6G,RUSTY,BORDER COLLIE / MASTIFF,BLACK / WHITE,11,University-Rosedale,SEVERE,OTHER PRIVATE PROPERTY,2021-10-11,2021-10-01
139,M4E,SHEWY,DOGO ARGENTINO,WHITE,19,Beaches-East York,SEVERE,OTHER PRIVATE PROPERTY,2021-10-27,2021-10-01
140,M9A,RYE,CHOW CHOW / LABRADOR RETR,YELLOW,2,Etobicoke Centre,NON SEVERE,PUBLIC PROPERTY,2021-11-13,2021-11-01
141,M4Y,STALLION,AKITA,CREAM / WHITE,11,University-Rosedale,SEVERE,OTHER PRIVATE PROPERTY,2021-12-02,2021-12-01
143,M6B,RICO,MASTIFF,BLACK / WHITE,8,Eglinton-Lawrence,SEVERE,PUBLIC PROPERTY,2021-12-21,2021-12-01
144,M1S,ZEUS,DOGO ARGENTINO,WHITE,22,Scarborough-Agincourt,SEVERE,OTHER PRIVATE PROPERTY,2022-01-12,2022-01-01
145,M2N,JOEY,GERM SHEPHERD,TAN / BLACK,18,Willowdale,NON SEVERE,PUBLIC PROPERTY,2022-01-13,2022-01-01
146,M4L,MAYA,LABRADOR RETR / BOSTON TERRIER,BLACK / WHITE,14,Toronto-Danforth,SEVERE,PARK - LEASH REQUIRED AREA,2022-01-19,2022-01-01
147,M4A,GRIFFIN,ROTTWEILER / LABRADOR RETR,BR BRINDLE / BLACK,16,Don Valley East,NON SEVERE,PARK - LEASH FREE AREA,2022-01-26,2022-01-01
148,M9R,VENOM,BELG MALINOIS,BROWN / BLACK,2,Etobicoke Centre,SEVERE,OTHER PRIVATE PROPERTY,2022-02-02,2022-02-01
149,M9M,BONES,BORDER COLLIE / LABRADOR RETR,BLACK / WHITE,7,Humber River-Black Creek,NON SEVERE,PUBLIC PROPERTY,2022-02-10,2022-02-01
150,M4C,HUNDO,GERM SHEPHERD / LABRADOR RETR,BLACK / BROWN,19,Beaches-East York,NOT A BITE,OTHER PRIVATE PROPERTY,2022-02-20,2022-02-01
151,M5J,TATSU,AKITA,WHITE / BLACK,10,Spadina-Fort York,NON SEVERE,PUBLIC PROPERTY,2022-03-15,2022-03-01
152,M3J,MILO,AMER BULLDOG,BR BRINDLE / WHITE,7,Humber River-Black Creek,NON SEVERE,PUBLIC PROPERTY,2022-03-18,2022-03-01
153,M2K,SHADOW,AUST SHEPHERD,TRICOLOUR / BLACK,18,Willowdale,SEVERE,PUBLIC PROPERTY,2022-03-20,2022-03-01
154,M4W,ODIN,SIBERIAN HUSKY,GREY / WHITE,11,University-Rosedale,NON SEVERE,PUBLIC PROPERTY,2022-04-23,2022-04-01
155,M4T,BROCCOLI,CAROLINA DOG MIX,TAN,12,Toronto-St. Paul's,SEVERE,OTHER PRIVATE PROPERTY,2022-04-25,2022-04-01
156,M6A,RAIDEN,DOGO ARGENTINO / AMER BULLDOG,WHITE,8,Eglinton-Lawrence,VERY SEVERE,PUBLIC PROPERTY,2022-05-09,2022-05-01
157,M4J,KING,ROTTWEILER,BLACK / BROWN,14,Toronto-Danforth,SEVERE,PARK - LEASH FREE AREA,2022-05-11,2022-05-01
158,M4J,BLICKY,AMER BULLDOG,GREY / WHITE,14,Toronto-Danforth,NON SEVERE,PARK - LEASH FREE AREA,2022-05-13,2022-05-01
159,M6R,MAIA,ROTTWEILER / LABRADOR RETR,BLACK / TAN,4,Parkdale-High Park,SEVERE,PUBLIC PROPERTY,2022-05-14,2022-05-01
160,M2J,PABLO,OLD ENG BULLDOG,BLUE,17,Don Valley North,SEVERE,OTHER PRIVATE PROPERTY,2022-05-17,2022-05-01
161,M4V,BEATRIX,WEIMARANER,GREY,12,Toronto-St. Paul's,SEVERE,PUBLIC PROPERTY,2022-05-20,2022-05-01
162,M5R,MOOSE,BOSTON TERRIER,BROWN / WHITE,12,Toronto-St. Paul's,SEVERE,PUBLIC PROPERTY,2022-05-27,2022-05-01
163,M2J,BIG BOY,CANE CORSO,BR BRINDLE / GREY,17,Don Valley North,SEVERE,PUBLIC PROPERTY,2022-06-06,2022-06-01
164,M4J,SHYLA,AMER BULLDOG MIX,BROWN,14,Toronto-Danforth,SEVERE,OTHER PRIVATE PROPERTY,2022-06-09,2022-06-01
165,M9N,PATRON,CANE CORSO MIX,GREY,5,York South-Weston,SEVERE,OWNERS PROPERTY,2022-06-12,2022-06-01
166,M9N,REINA,AMER BULLDOG MIX,GREY,5,York South-Weston,SEVERE,OWNERS PROPERTY,2022-06-12,2022-06-01
167,M6K,KEIKO,WHIPPET / VIZSLA,BROWN,10,Spadina-Fort York,SEVERE,PUBLIC PROPERTY,2022-06-14,2022-06-01
168,M1L,MOLLY,LABRADOR RETR,YELLOW,20,Scarborough Southwest,SEVERE,PUBLIC PROPERTY,2022-06-15,2022-06-01
169,M4P,KATO,CHOW CHOW / SIBERIAN HUSKY,TAN,15,Don Valley West,NOT A BITE,OTHER PRIVATE PROPERTY,2022-06-22,2022-06-01
170,M1N,MAKEUP,BULLMASTIFF / AM PIT BULL TER,BROWN / WHITE,20,Scarborough Southwest,NON SEVERE,PARK - LEASH FREE AREA,2022-06-24,2022-06-01
171,M1C,ANUBIS,SIBERIAN HUSKY / AKITA,GREY / BLACK,25,Scarborough-Rouge Park,SEVERE,PARK - LEASH REQUIRED AREA,2022-06-30,2022-06-01
172,M5A,BEAR,SIBERIAN HUSKY / GERM SHEPHERD,GREY / BLACK,13,Toronto Centre,SEVERE,OTHER PRIVATE PROPERTY,2022-07-01,2022-07-01
173,M4G,CASSIE,GOLDEN RETR,GOLD,15,Don Valley West,SEVERE,PARK - LEASH REQUIRED AREA,2022-07-02,2022-07-01
174,M6B,DIGGY,ROTTWEILER / MASTIFF,RED,8,Eglinton-Lawrence,SEVERE,PUBLIC PROPERTY,2022-07-03,2022-07-01
175,M2J,KALI,AMER BULLDOG,BROWN / WHITE,17,Don Valley North,SEVERE,PUBLIC PROPERTY,2022-07-06,2022-07-01
176,M4L,LUNA,ROTTWEILER,BLACK / TAN,14,Toronto-Danforth,NON SEVERE,PUBLIC PROPERTY,2022-07-09,2022-07-01
177,M2M,BLUE,BULLMASTIFF,BROWN,18,Willowdale,SEVERE,OWNERS PROPERTY,2022-07-09,2022-07-01
178,M4M,FIN,GERM SHEPHERD,BLACK,14,Toronto-Danforth,SEVERE,OWNERS PROPERTY,2022-07-14,2022-07-01
179,M5R,CAROL,SIBERIAN HUSKY,BLACK / WHITE,12,Toronto-St. Paul's,SEVERE,PUBLIC PROPERTY,2022-07-14,2022-07-01
180,M4L,BELLA,SHIH TZU,BLACK,14,Toronto-Danforth,NON SEVERE,OTHER PRIVATE PROPERTY,2022-07-20,2022-07-01
181,M4B,REMY,ROTTWEILER,BLACK / TAN,19,Beaches-East York,SEVERE,OTHER PRIVATE PROPERTY,2022-07-20,2022-07-01
182,M4C,SAPHIRE,AMER BULLDOG,TAN / WHITE,19,Beaches-East York,SEVERE,PUBLIC PROPERTY,2022-07-25,2022-07-01
183,M6C,KAIBO,PORT WATER DOG,BLACK / WHITE,12,Toronto-St. Paul's,NON SEVERE,OTHER PRIVATE PROPERTY,2022-07-26,2022-07-01
184,M2J,SKY,BORDER COLLIE / LABRADOR RETR,RED / WHITE,17,Don Valley North,NON SEVERE,PUBLIC PROPERTY,2022-07-26,2022-07-01
185,M4X,ROLO,ENG BULLDOG / BOXER,TAN / WHITE,13,Toronto Centre,NON SEVERE,OTHER PRIVATE PROPERTY,2022-07-28,2022-07-01
186,M4L,KEELOW,BULLMASTIFF,BR BRINDLE / WHITE,14,Toronto-Danforth,SEVERE,PUBLIC PROPERTY,2022-07-28,2022-07-01
187,M3J,TACO,SIBERIAN HUSKY,BROWN / WHITE,6,York Centre,SEVERE,PUBLIC PROPERTY,2022-07-31,2022-07-01
188,M2P,CHARLOTTE,GERM SHEPHERD MIX,BLACK,15,Don Valley West,NON SEVERE,PUBLIC PROPERTY,2022-08-04,2022-08-01
189,M1B,MERCY,MASTIFF MIX,BLACK / BROWN,25,Scarborough-Rouge Park,SEVERE,PUBLIC PROPERTY,2022-08-12,2022-08-01
190,L9C,BRUNA,RUSSIAN TERRIER,BLACK,4,Parkdale-High Park,NON SEVERE,OTHER PRIVATE PROPERTY,2022-08-15,2022-08-01
191,M4X,BLUE,AMER BULLDOG / BOXER,GREY / WHITE,13,Toronto Centre,SEVERE,PARK - LEASH FREE AREA,2022-08-22,2022-08-01
192,M4X,PEACHES,AM PIT BULL TER / LABRADOR RETR,TAN / WHITE,13,Toronto Centre,SEVERE,PARK - LEASH FREE AREA,2022-08-22,2022-08-01
193,M2J,FUGUI,ENG BULLDOG,TRICOLOUR / WHITE,17,Don Valley North,NOT A BITE,OTHER PRIVATE PROPERTY,2022-08-25,2022-08-01
194,M1V,SATCHEL,SC WHEAT TERR,CREAM,23,Scarborough North,SEVERE,OTHER PRIVATE PROPERTY,2022-08-28,2022-08-01
195,M1S,BENTLEY,OLDENG SHEEPDOG / POODLE STND,BLACK / WHITE,22,Scarborough-Agincourt,SEVERE,OTHER PRIVATE PROPERTY,2022-08-28,2022-08-01
196,M1G,SABER,BORDER COLLIE / AUST CATTLE DOG,BLACK / WHITE,24,Scarborough-Guildwood,SEVERE,OWNERS PROPERTY,2022-08-29,2022-08-01
197,M4M,SAM,SIBERIAN HUSKY MIX,WHITE / BLACK,14,Toronto-Danforth,SEVERE,PUBLIC PROPERTY,2022-09-04,2022-09-01
198,M4M,FELIX,GERM SHEPHERD MIX,BLACK / TAN,14,Toronto-Danforth,SEVERE,PUBLIC PROPERTY,2022-09-04,2022-09-01
199,M5V,STANLEY,ROTTWEILER / LABRADOR RETR,BROWN / BLACK,10,Spadina-Fort York,NON SEVERE,PARK - LEASH FREE AREA,2022-09-06,2022-09-01
200,M3B,PEANUT,GOLDEN RETR / BASSET HOUND,TAN,16,Don Valley East,SEVERE,PUBLIC PROPERTY,2022-09-17,2022-09-01
201,M4M,ESME,OLD ENG BULLDOG,WHITE / BLACK,14,Toronto-Danforth,SEVERE,PUBLIC PROPERTY,2022-09-17,2022-09-01
202,M6S,ROMAN,BULLMASTIFF / PRESA CANARIO,FAWN,4,Parkdale-High Park,NON SEVERE,PUBLIC PROPERTY,2022-09-26,2022-09-01
203,M4H,MAYA,AM PIT BULL TER / ENG BULLDOG,TAN / WHITE,15,Don Valley West,NON SEVERE,OTHER PRIVATE PROPERTY,2022-10-01,2022-10-01
204,M6M,FRANKLIN,POODLE STND,BR BRINDLE,5,York South-Weston,SEVERE,PUBLIC PROPERTY,2022-10-05,2022-10-01
205,M4C,DICE,AMER BULLDOG MIX,BLACK / WHITE,19,Beaches-East York,SEVERE,PUBLIC PROPERTY,2022-10-12,2022-10-01
206,M5T,BELLA,ROTTWEILER / GERM SHEPHERD,BROWN / RED,10,Spadina-Fort York,NOT A BITE,OTHER PRIVATE PROPERTY,2022-10-18,2022-10-01
207,M2L,ARCHIE,GERM SHEPHERD,BLACK / GOLD,15,Don Valley West,SEVERE,PUBLIC PROPERTY,2022-10-20,2022-10-01
208,M3N,BONNIE,AM PIT BULL TER / ENG BULLDOG,GREY / WHITE,7,Humber River-Black Creek,SEVERE,PARK - LEASH REQUIRED AREA,2022-10-20,2022-10-01
209,M9P,MAGNOLIA,ROTTWEILER / GERM SHEPHERD,BLACK / WHITE,1,Etobicoke North,SEVERE,OTHER PRIVATE PROPERTY,2022-10-23,2022-10-01
210,M6B,HENNESSY,BOXER / MASTIFF,BROWN / WHITE,8,Eglinton-Lawrence,NON SEVERE,PUBLIC PROPERTY,2022-10-23,2022-10-01
211,M2J,RICK,GERM SHEPHERD,BLACK / BROWN,17,Don Valley North,NOT A BITE,OTHER PRIVATE PROPERTY,2022-10-25,2022-10-01
212,M1E,XENA,PRESA CANARIO,TAN / BLACK,24,Scarborough-Guildwood,SEVERE,PUBLIC PROPERTY,2022-10-25,2022-10-01
213,M2N,BACON,GERM SHEPHERD,TAN / BLACK,18,Willowdale,SEVERE,PUBLIC PROPERTY,2022-10-31,2022-10-01
214,M8W,TIBERIUS,ROTTWEILER,BLACK / TAN,3,Etobicoke-Lakeshore,SEVERE,PUBLIC PROPERTY,2022-11-06,2022-11-01
215,M1T,KILO,AM PIT BULL TER / ENG BULLDOG,GREY / WHITE,22,Scarborough-Agincourt,NON SEVERE,OTHER PRIVATE PROPERTY,2022-11-08,2022-11-01
216,M3M,QUEENIE,AM PIT BULL TER / ENG BULLDOG,TAN,6,York Centre,NON SEVERE,PUBLIC PROPERTY,2022-12-04,2022-12-01
217,M2J,DIESEL,GERM SHEPHERD,BLACK / TAN,17,Don Valley North,NON SEVERE,PARK - LEASH REQUIRED AREA,2022-12-06,2022-12-01
218,M1W,JACK,CANE CORSO,BLACK / WHITE,22,Scarborough-Agincourt,SEVERE,PUBLIC PROPERTY,2022-12-11,2022-12-01
219,M4L,SAM,LABRADOR RETR,FAWN,14,Toronto-Danforth,SEVERE,PUBLIC PROPERTY,2022-12-22,2022-12-01
220,M6M,LAILA,CANE CORSO / GOLDEN RETR,BLACK,5,York South-Weston,SEVERE,OTHER PRIVATE PROPERTY,2023-01-05,2023-01-01
221,M6J,MABEL,HOUND / BEAGLE,WHITE / BLACK,11,University-Rosedale,SEVERE,PARK - LEASH REQUIRED AREA,2023-01-12,2023-01-01
222,M4L,RIVER,SPINONE ITAL,CREAM,19,Beaches-East York,SEVERE,PARK - LEASH REQUIRED AREA,2023-01-17,2023-01-01
223,M1H,MOLLY,GERM SHEPHERD MIX,BLACK / TAN,24,Scarborough-Guildwood,SEVERE,PUBLIC PROPERTY,2023-02-20,2023-02-01
224,M4K,BISHOP,GERM SH POINT,BROWN / WHITE,14,Toronto-Danforth,VERY SEVERE,PUBLIC PROPERTY,2023-02-21,2023-02-01
225,M5A,BONNIE,AMER BULLDOG,BROWN / WHITE,13,Toronto Centre,SEVERE,OTHER PRIVATE PROPERTY,2023-02-22,2023-02-01
226,M1M,PRINCE,AMER BULLDOG,WHITE / BROWN,20,Scarborough Southwest,SEVERE,OTHER PRIVATE PROPERTY,2023-03-09,2023-03-01
227,M3C,PYRO,ROTTWEILER / GERM SHEPHERD,BLACK / TAN,16,Don Valley East,SEVERE,OTHER PRIVATE PROPERTY,2023-03-27,2023-03-01
228,M4P,CHARLES,GREAT PYRENEES / GOLDEN RETR,WHITE,12,Toronto-St. Paul's,NON SEVERE,PUBLIC PROPERTY,2023-03-31,2023-03-01
229,M2K,GHOST,GERM SHEPHERD,BLACK,17,Don Valley North,SEVERE,PUBLIC PROPERTY,2023-04-08,2023-04-01
230,M4C,CALLIE,BULLMASTIFF,BLACK / WHITE,19,Beaches-East York,NON SEVERE,PUBLIC PROPERTY,2023-04-13,2023-04-01
231,M1J,MOOSE,CANE CORSO,TAN / GREY,21,Scarborough Centre,NOT A BITE,PUBLIC PROPERTY,2023-04-16,2023-04-01
232,M3J,TYSON,AMER BULLDOG,BLACK / WHITE,6,York Centre,NOT A BITE,PUBLIC PROPERTY,2023-04-20,2023-04-01
233,M3J,ROMMEL,GERM SHEPHERD,BROWN / BLACK,7,Humber River-Black Creek,SEVERE,OTHER PRIVATE PROPERTY,2023-04-23,2023-04-01
234,M5M,HARLEY,AMER BULLDOG,BR BRINDLE,8,Eglinton-Lawrence,NON SEVERE,PUBLIC PROPERTY,2023-04-27,2023-04-01
235,M6P,SHIKA,PATTERDALE TERR / AM PIT BULL TER,BLUE / GREY,4,Parkdale-High Park,SEVERE,PUBLIC PROPERTY,2023-04-28,2023-04-01
236,M3L,BEAR,BORDER COLLIE / LABRADOR RETR,BLACK / WHITE,7,Humber River-Black Creek,NON SEVERE,OTHER PRIVATE PROPERTY,2023-05-01,2023-05-01
237,M9A,TRIXIE,LABRADOR RETR / AM PIT BULL TER,BLACK / BR BRINDLE,2,Etobicoke Centre,SEVERE,OTHER PRIVATE PROPERTY,2023-05-02,2023-05-01
238,M9A,TYSON,LABRADOR RETR / AM PIT BULL TER,BLACK,2,Etobicoke Centre,SEVERE,OTHER PRIVATE PROPERTY,2023-05-02,2023-05-01
239,M5T,ZEPPELIN,GERM SHEPHERD,BLACK / TAN,11,University-Rosedale,NON SEVERE,OTHER PRIVATE PROPERTY,2023-05-09,2023-05-01
240,M4L,DAISY,GERM SHEPHERD / LABRADOR RETR,BLACK / TAN,19,Beaches-East York,SEVERE,PARK - LEASH REQUIRED AREA,2023-05-11,2023-05-01
241,M4J,LADY,GOLDEN RETR / POODLE STND,WHITE,14,Toronto-Danforth,SEVERE,PUBLIC PROPERTY,2023-05-14,2023-05-01
242,M9R,TIA,AMER BULLDOG,BLACK / WHITE,1,Etobicoke North,SEVERE,OTHER PRIVATE PROPERTY,2023-05-23,2023-05-01
243,M1K,BEAR,GERM SHEPHERD MIX,TAN / WHITE,20,Scarborough Southwest,SEVERE,PUBLIC PROPERTY,2023-06-04,2023-06-01
244,M1W,LUNA,FILA,BR BRINDLE / WHITE,22,Scarborough-Agincourt,NOT A BITE,PUBLIC PROPERTY,2023-06-06,2023-06-01
245,M3J,NALA,AMER BULLDOG,BEIGE / WHITE,6,York Centre,NON SEVERE,PUBLIC PROPERTY,2023-06-14,2023-06-01
246,M4J,FRIDA,AUST SHEPHERD,TRICOLOUR,14,Toronto-Danforth,NON SEVERE,PARK - LEASH REQUIRED AREA,2023-06-18,2023-06-01
247,M6B,TYSON,POODLE STND / GOLDEN RETR,TAN,8,Eglinton-Lawrence,SEVERE,PUBLIC PROPERTY,2023-06-21,2023-06-01
248,M4S,GIGI,AM PIT BULL TER / LABRADOR RETR,TRICOLOUR,12,Toronto-St. Paul's,SEVERE,PUBLIC PROPERTY,2023-06-23,2023-06-01
249,M1R,HERCEG,MASTIFF,TAN / BLACK,21,Scarborough Centre,SEVERE,OTHER PRIVATE PROPERTY,2023-06-25,2023-06-01
250,M6H,VENTURE,GOLDEN RETR,GOLD,9,Davenport,SEVERE,PUBLIC PROPERTY,2023-06-25,2023-06-01
251,M1G,MAZIKEEN,LABRADOR RETR / AMER BULLDOG,BLACK,24,Scarborough-Guildwood,SEVERE,PUBLIC PROPERTY,2023-06-28,2023-06-01
252,M1G,REIGN,BELG MALINOIS / DUTCH SHEPHERD,BROWN / TAN,24,Scarborough-Guildwood,SEVERE,PUBLIC PROPERTY,2023-06-28,2023-06-01
253,M1G,CHARLIE,SIBERIAN HUSKY MIX,BR BRINDLE / WHITE,24,Scarborough-Guildwood,SEVERE,PUBLIC PROPERTY,2023-06-28,2023-06-01
254,M6G,MAX,BULLDOG MIX,BLACK / WHITE,12,Toronto-St. Paul's,SEVERE,PARK - LEASH REQUIRED AREA,2023-06-29,2023-06-01
255,M3A,FREYJA,AMER BULLDOG MIX,FAWN,16,Don Valley East,VERY SEVERE,OTHER PRIVATE PROPERTY,2023-06-29,2023-06-01
256,M3A,ODIN,PRESA CANARIO,BL BRINDLE,16,Don Valley East,VERY SEVERE,OTHER PRIVATE PROPERTY,2023-06-29,2023-06-01
257,M1M,COLD AS ICE (ARTIC),LABRADOR RETR,BLACK / WHITE,20,Scarborough Southwest,SEVERE,PARK - LEASH REQUIRED AREA,2023-06-30,2023-06-01
258,M9C,LUCIFER,ENG BULLDOG / AM PIT BULL TER,FAWN / WHITE,2,Etobicoke Centre,NOT A BITE,PARK - LEASH REQUIRED AREA,2023-07-03,2023-07-01
259,M3A,ARCHIE,PRESA CANARIO,BR BRINDLE / WHITE,16,Don Valley East,SEVERE,OTHER PRIVATE PROPERTY,2023-07-04,2023-07-01
260,M1N,ZORRO,GERM SHEPHERD,BLACK / BROWN,20,Scarborough Southwest,NON SEVERE,PUBLIC PROPERTY,2023-07-07,2023-07-01
261,M8W,KUSH,CANE CORSO,BLACK / BL BRINDLE,3,Etobicoke-Lakeshore,NON SEVERE,OTHER PRIVATE PROPERTY,2023-07-07,2023-07-01
262,M1C,JADE,BOXER,TAN / WHITE,25,Scarborough-Rouge Park,NOT A BITE,PARK - LEASH REQUIRED AREA,2023-07-10,2023-07-01
263,M4K,DRACO,ROTTWEILER / GERM SHEPHERD,BLACK / BROWN,14,Toronto-Danforth,NON SEVERE,PUBLIC PROPERTY,2023-07-18,2023-07-01
264,M2M,HEICHU,BORDER COLLIE,BLACK / WHITE,18,Willowdale,NOT A BITE,OTHER PRIVATE PROPERTY,2023-07-18,2023-07-01
265,M4K,REMY,ROTTWEILER MIX,BLACK,14,Toronto-Danforth,NON SEVERE,PUBLIC PROPERTY,2023-07-18,2023-07-01
266,M1L,ATHENA,MASTIFF / ROTTWEILER,BROWN / WHITE,20,Scarborough Southwest,NOT A BITE,PUBLIC PROPERTY,2023-07-25,2023-07-01
267,M6S,TILDA,BULL TERRIER,BR BRINDLE / WHITE,4,Parkdale-High Park,SEVERE,PARK - LEASH REQUIRED AREA,2023-07-30,2023-07-01
268,M6R,HENRY,LABRADOR RETR / JINDO,TAN,4,Parkdale-High Park,SEVERE,PUBLIC PROPERTY,2023-08-01,2023-08-01
269,M6E,PRINCE,LABRADOR RETR / RHOD RIDGEBACK,APRICOT / BLACK,9,Davenport,SEVERE,PARK - LEASH FREE AREA,2017-02-21,2017-02-01
270,M1S,COOKIE,AMER BULLDOG / CHOW CHOW,BR BRINDLE,23,Scarborough North,VERY SEVERE,PARK - LEASH REQUIRED AREA,2023-08-02,2023-08-01
271,M1S,ZEUS,AMER BULLDOG / CHOW CHOW,BLACK,23,Scarborough North,SEVERE,PARK - LEASH REQUIRED AREA,2023-08-02,2023-08-01
272,M1E,RAGZ,BERNESE MTN DOG / POODLE STND,BLACK / WHITE,25,Scarborough-Rouge Park,SEVERE,PUBLIC PROPERTY,2023-08-12,2023-08-01
273,M4J,OAKLEY,REDBONE HOUND,RED,14,Toronto-Danforth,NON SEVERE,PUBLIC PROPERTY,2023-08-14,2023-08-01
274,M5S,LOKI,GOLDEN RETR / POODLE TOY,BLACK,11,University-Rosedale,NOT A BITE,PUBLIC PROPERTY,2023-08-16,2023-08-01
275,M3C,ARCHIE,AMER BULLDOG / MASTIFF,GREY,16,Don Valley East,VERY SEVERE,OTHER PRIVATE PROPERTY,2023-08-20,2023-08-01
276,M6C,MONTY,POODLE STND / BELG MALINOIS,BLACK,9,Davenport,SEVERE,PUBLIC PROPERTY,2023-08-28,2023-08-01
277,M3H,NALA,LABRADOR RETR,BLACK,6,York Centre,SEVERE,PARK - LEASH REQUIRED AREA,2023-09-01,2023-09-01
278,M1E,LEVI,GERM SHEPHERD / SIBERIAN HUSKY,BLACK / WHITE,24,Scarborough-Guildwood,NOT A BITE,PUBLIC PROPERTY,2023-09-01,2023-09-01
279,M1L,MOTTO,AMER BULLDOG MIX,GREY / WHITE,20,Scarborough Southwest,SEVERE,PUBLIC PROPERTY,2023-09-04,2023-09-01
280,M8W,PHOENIX,MASTIFF MIX,TAN,3,Etobicoke-Lakeshore,NON SEVERE,PUBLIC PROPERTY,2023-09-07,2023-09-01
281,M6G,MANDO,AUST SHEPHERD,BROWN / WHITE,12,Toronto-St. Paul's,SEVERE,OTHER PRIVATE PROPERTY,2023-09-10,2023-09-01
282,M1M,SIMBA,GOLDEN RETR,GOLD,20,Scarborough Southwest,SEVERE,PUBLIC PROPERTY,2023-09-10,2023-09-01
283,M8W,NALA,AMER BULLDOG MIX,BR BRINDLE / WHITE,3,Etobicoke-Lakeshore,SEVERE,OTHER PRIVATE PROPERTY,2023-09-16,2023-09-01
284,M6M,ICE,AMER BULLDOG / CHINESE SHARPEI,BROWN / WHITE,5,York South-Weston,NON SEVERE,OTHER PRIVATE PROPERTY,2023-09-16,2023-09-01
285,M5P,DOJI,AUST CATTLE DOG / ROTTWEILER,RED / TAN,12,Toronto-St. Paul's,SEVERE,PUBLIC PROPERTY,2023-09-26,2023-09-01
286,M3A,ASYA,SIBERIAN HUSKY,BROWN / WHITE,16,Don Valley East,SEVERE,PUBLIC PROPERTY,2023-10-03,2023-10-01
287,M9C,NAIROBI,AMER BULLDOG,WHITE / TAN,2,Etobicoke Centre,SEVERE,PUBLIC PROPERTY,2023-10-07,2023-10-01
288,M1E,LUNA,GERM SHEPHERD / LABRADOR RETR,BLACK,24,Scarborough-Guildwood,SEVERE,OTHER PRIVATE PROPERTY,2023-10-09,2023-10-01
289,M4S,GIGI,ALASKAN HUSKY,BLACK,12,Toronto-St. Paul's,NON SEVERE,PUBLIC PROPERTY,2023-10-12,2023-10-01
290,M9B,MAX,GOLDEN RETR,GOLD,2,Etobicoke Centre,NON SEVERE,OTHER PRIVATE PROPERTY,2023-10-13,2023-10-01
291,M5R,TITAN,AMER BULLDOG / AMERICAN STAFF,GREY / WHITE,11,University-Rosedale,NON SEVERE,OTHER PRIVATE PROPERTY,2023-10-20,2023-10-01
292,M5V,ARCHER,ROTTWEILER,BLACK / TAN,10,Spadina-Fort York,SEVERE,PARK - LEASH REQUIRED AREA,2023-10-27,2023-10-01
293,M6M,LEO,PARSON RUSS TER / SHIH TZU,TAN,5,York South-Weston,NOT A BITE,PUBLIC PROPERTY,2023-10-29,2023-10-01
294,M4C,WHEELER,LABRADOR RETR / BOXER,BLACK / WHITE,19,Beaches-East York,SEVERE,PUBLIC PROPERTY,2023-11-05,2023-11-01
295,M1T,FASULA,LABRADOR RETR / AM PIT BULL TER,BROWN,22,Scarborough-Agincourt,NOT A BITE,PUBLIC PROPERTY,2023-11-07,2023-11-01
296,M1K,EXO/AXEL,ROTTWEILER / LABRADOR RETR,BLACK / BROWN,20,Scarborough Southwest,NON SEVERE,PUBLIC PROPERTY,2023-11-15,2023-11-01
297,M9R,LYRYX,GERM SHEPHERD,BLACK,1,Etobicoke North,SEVERE,OWNERS PROPERTY,2023-11-24,2023-11-01
298,M6A,PENNY,GERM SHEPHERD / COLLIE SMOOTH,BLACK / BROWN,8,Eglinton-Lawrence,SEVERE,PUBLIC PROPERTY,2023-11-26,2023-11-01
299,M3C,CHARLIE,LABRADOR RETR,TAN / WHITE,16,Don Valley East,NOT A BITE,PUBLIC PROPERTY,2023-11-26,2023-11-01
300,M6J,GUNNAR,CANE CORSO MIX,FAWN,10,Spadina-Fort York,NON SEVERE,PARK - LEASH FREE AREA,2023-11-28,2023-11-01
301,M3L,KYRO,BOXER / DOGO ARGENTINO,BR BRINDLE,7,Humber River-Black Creek,NOT A BITE,OTHER PRIVATE PROPERTY,2023-12-07,2023-12-01
302,M9P,ROCCO,AM PIT BULL TER / ENG BULLDOG,TAN / WHITE,2,Etobicoke Centre,NON SEVERE,PUBLIC PROPERTY,2023-12-11,2023-12-01
303,M4B,BIGGIE,SIBERIAN HUSKY MIX,BLACK / TRICOLOUR,19,Beaches-East York,SEVERE,PUBLIC PROPERTY,2023-12-15,2023-12-01
304,M8Y,BRADY,ROTTWEILER,BLACK / BROWN,3,Etobicoke-Lakeshore,NOT A BITE,OTHER PRIVATE PROPERTY,2023-12-17,2023-12-01
305,M2H,BENNY,AMER BULLDOG / STAFFORDSHIRE,BR BRINDLE,17,Don Valley North,SEVERE,OWNERS PROPERTY,2023-12-31,2023-12-01
306,M4L,OBI WAN,ROTTWEILER,BLACK / BROWN,14,Toronto-Danforth,NON SEVERE,PUBLIC PROPERTY,2023-12-31,2023-12-01
307,M9V,KOPA,ROTTWEILER,BLACK / TAN,1,Etobicoke North,SEVERE,OTHER PRIVATE PROPERTY,2024-01-09,2024-01-01
308,M6G,LUCA,GOLDEN RETR / AM PIT BULL TER,GREY / WHITE,11,University-Rosedale,SEVERE,PUBLIC PROPERTY,2024-01-20,2024-01-01
309,M6J,PHOENIX,ROTTWEILER,BLACK / TAN,9,Davenport,NON SEVERE,PUBLIC PROPERTY,2024-01-27,2024-01-01
310,M5A,CALVIN,BORDER COLLIE,BROWN / WHITE,10,Spadina-Fort York,NON SEVERE,PUBLIC PROPERTY,2024-01-28,2024-01-01
311,M4A,KOBE,BOXER / STAFFORDSHIRE,GOLD / WHITE,16,Don Valley East,SEVERE,OTHER PRIVATE PROPERTY,2024-02-03,2024-02-01
312,M4A,LUCKY,LABRADOR RETR / STAFFORDSHIRE,BLACK / WHITE,16,Don Valley East,NON SEVERE,OTHER PRIVATE PROPERTY,2024-02-03,2024-02-01
313,M1S,BLANCA,AMER BULLDOG / CHOW CHOW,WHITE / BROWN,23,Scarborough North,SEVERE,PARK - LEASH REQUIRED AREA,2023-08-02,2023-08-01
314,M4S,BELLA,GERM SHEPHERD MIX,BROWN,12,Toronto-St. Paul's,NOT A BITE,PARK - LEASH REQUIRED AREA,2024-02-07,2024-02-01
315,M9C,PENTHESILLA,MASTIFF,BLACK,2,Etobicoke Centre,SEVERE,PARK - LEASH REQUIRED AREA,2024-02-12,2024-02-01
316,M5P,COOPER,BELG MALINOIS,BR BRINDLE,12,Toronto-St. Paul's,SEVERE,PARK - LEASH FREE AREA,2024-02-17,2024-02-01
317,M4E,TITAN,AMER BULLDOG MIX,BEIGE / WHITE,19,Beaches-East York,SEVERE,OTHER PRIVATE PROPERTY,2024-02-20,2024-02-01
318,M6J,CUBIK,SAMOYED,WHITE,10,Spadina-Fort York,NON SEVERE,PARK - LEASH REQUIRED AREA,2024-03-03,2024-03-01
319,M4L,KING,AMER BULLDOG,WHITE,19,Beaches-East York,NOT A BITE,PUBLIC PROPERTY,2024-03-10,2024-03-01
320,M4L,ROCKY,AMER BULLDOG / BOXER,BR BRINDLE,14,Toronto-Danforth,SEVERE,PUBLIC PROPERTY,2024-03-15,2024-03-01
321,M9A,MOLLY,AMER BULLDOG,BLACK / GREY,2,Etobicoke Centre,SEVERE,PUBLIC PROPERTY,2024-03-24,2024-03-01
322,M9P,CHUKIS/COOKIE,BERNESE MTN DOG / AMER BULLDOG,BROWN,1,Etobicoke North,NON SEVERE,OTHER PRIVATE PROPERTY,2024-03-28,2024-03-01
323,M4L,NIKKI,GERM SHEPHERD,BLACK / TAN,19,Beaches-East York,SEVERE,OWNERS PROPERTY,2024-04-13,2024-04-01
324,M9C,NELO,LABRADOR RETR / AMER BULLDOG,TAN,2,Etobicoke Centre,SEVERE,PUBLIC PROPERTY,2024-04-30,2024-04-01
325,M6K,BULLET,STAFFORDSHIRE MIX,TAN / WHITE,4,Parkdale-High Park,SEVERE,OTHER PRIVATE PROPERTY,2024-05-01,2024-05-01
326,M9C,MAGGIE,GERM SHEPHERD,BLACK / TAN,2,Etobicoke Centre,VERY SEVERE,PUBLIC PROPERTY,2024-05-04,2024-05-01
327,M6B,SHADOW,AMER BULLDOG,GREY,8,Eglinton-Lawrence,SEVERE,PARK - LEASH REQUIRED AREA,2024-05-04,2024-05-01
328,M9P,ASTON,DOBERMAN PINSCH,BLACK / TAN,2,Etobicoke Centre,SEVERE,PUBLIC PROPERTY,2024-05-06,2024-05-01
329,M9N,LUCKY,AMER BULLDOG,GREY / WHITE,5,York South-Weston,VERY SEVERE,OTHER PRIVATE PROPERTY,2024-05-07,2024-05-01
330,M1B,WICK,AMER BULLDOG / ENG BULLDOG,BLUE,23,Scarborough North,NON SEVERE,PARK - LEASH REQUIRED AREA,2024-05-16,2024-05-01
331,M1C,DIAMOND,MASTIFF MIX,BLACK / WHITE,25,Scarborough-Rouge Park,SEVERE,PUBLIC PROPERTY,2024-05-21,2024-05-01
332,M1C,MALOTTO,AMER BULLDOG,WHITE / BROWN,25,Scarborough-Rouge Park,SEVERE,PUBLIC PROPERTY,2024-05-21,2024-05-01
333,M6S,ELSA,ROTTWEILER MIX,BLACK / TAN,4,Parkdale-High Park,SEVERE,OTHER PRIVATE PROPERTY,2024-05-23,2024-05-01
334,M6B,ACE,AM PIT BULL TER / ENG BULLDOG,BLACK / WHITE,8,Eglinton-Lawrence,SEVERE,PUBLIC PROPERTY,2024-05-27,2024-05-01
335,M6K,ONYX,AMER BULLDOG,BLACK / WHITE,10,Spadina-Fort York,NON SEVERE,PARK - LEASH FREE AREA,2024-06-01,2024-06-01
336,M1E,REGGIE,GERM SHEPHERD MIX,BLACK / BROWN,25,Scarborough-Rouge Park,SEVERE,PUBLIC PROPERTY,2024-06-01,2024-06-01
337,M6G,HENNY,AMER BULLDOG,FAWN,11,University-Rosedale,SEVERE,PUBLIC PROPERTY,2024-06-02,2024-06-01
338,M4N,PENNY,BERNESE MTN DOG / POODLE STND,BLACK / WHITE,15,Don Valley West,NON SEVERE,PUBLIC PROPERTY,2024-06-06,2024-06-01
339,M1N,ZEUS,AMER BULLDOG,WHITE / TAN,20,Scarborough Southwest,NON SEVERE,PARK - LEASH REQUIRED AREA,2024-06-12,2024-06-01
340,M1T,NIPSEY,AMER BULLDOG / LABRADOR RETR,BROWN,22,Scarborough-Agincourt,NON SEVERE,OTHER PRIVATE PROPERTY,2024-06-19,2024-06-01
341,M6J,ZELOS,AMER BULLDOG,BLACK / WHITE,9,Davenport,SEVERE,OTHER PRIVATE PROPERTY,2024-06-24,2024-06-01
343,M9W,ARROW,RHOD RIDGEBACK / AMER BULLDOG,BROWN / WHITE,1,Etobicoke North,SEVERE,PUBLIC PROPERTY,2024-07-01,2024-07-01
344,M5M,RYDER,SIBERIAN HUSKY MIX,WHITE,8,Eglinton-Lawrence,SEVERE,OWNERS PROPERTY,2024-07-05,2024-07-01
345,M9R,IRIS,GERM SHEPHERD,BLACK / TAN,2,Etobicoke Centre,NON SEVERE,PUBLIC PROPERTY,2024-07-06,2024-07-01
346,M1E,SCOTIA,AMER BULLDOG / ENG BULLDOG,GREY,25,Scarborough-Rouge Park,NON SEVERE,OTHER PRIVATE PROPERTY,2024-07-07,2024-07-01
347,M1M,FLY,GERM SHEPHERD,BROWN / BLACK,20,Scarborough Southwest,NON SEVERE,OTHER PRIVATE PROPERTY,2024-07-15,2024-07-01
348,M8X,EGON,BULL TERRIER,WHITE,3,Etobicoke-Lakeshore,NON SEVERE,PUBLIC PROPERTY,2024-07-22,2024-07-01
349,M1V,SKY,MALTESE,WHITE,22,Scarborough-Agincourt,NON SEVERE,PUBLIC PROPERTY,2024-07-25,2024-07-01
350,M1N,ZACH,BULLMASTIFF / AMER BULLDOG,TAN,20,Scarborough Southwest,SEVERE,PUBLIC PROPERTY,2024-08-06,2024-08-01
351,M1E,DEXTER,GREAT DANE / PRESA CANARIO,BR BRINDLE / WHITE,25,Scarborough-Rouge Park,SEVERE,PUBLIC PROPERTY,2024-08-11,2024-08-01
352,M2J,KALI,IRISH WOLFHOUND,BLACK / GREY,17,Don Valley North,SEVERE,PUBLIC PROPERTY,2024-08-12,2024-08-01
353,M1R,TONKA,AMER BULLDOG / AMERICAN STAFF,BROWN / BLACK,21,Scarborough Centre,NON SEVERE,PUBLIC PROPERTY,2024-08-13,2024-08-01
354,M2H,TORRO,GERM SHEPHERD,BLACK,17,Don Valley North,NON SEVERE,PUBLIC PROPERTY,2024-09-14,2024-09-01
355,M2H,TATIANA,GERM SHEPHERD,BLACK,17,Don Valley North,NON SEVERE,PUBLIC PROPERTY,2024-09-14,2024-09-01
356,M2H,LUNA,GERM SHEPHERD,BLACK,17,Don Valley North,NON SEVERE,PUBLIC PROPERTY,2024-09-14,2024-09-01
357,M1W,LUNA,AM PIT BULL TER / ENG BULLDOG,BLACK / TRICOLOUR,22,Scarborough-Agincourt,NOT A BITE,OTHER PRIVATE PROPERTY,2024-02-05,2024-02-01
